subset,n,method,weighted,ci_lo,ci_hi,exact_%,mixable_%,sec_per_track,failed
agreed (2 DBs),4,M4 HPCP36 edma,0.875,0.625,1.0,75.0,100.0,3.170537292957306,0
agreed (2 DBs),4,M4 HPCP36 edma no-detune,0.875,0.625,1.0,75.0,100.0,3.4347190260887146,0
agreed (2 DBs),4,M4 HPCP36 bgate,0.875,0.625,1.0,75.0,100.0,3.3118768334388733,0
agreed (2 DBs),4,M4 HPCP36 bgate no-detune,0.875,0.625,1.0,75.0,100.0,3.455193817615509,0
agreed (2 DBs),4,M1 KS librosa chroma_cqt,0.75,0.5,1.0,50.0,100.0,6.437577307224274,0
agreed (2 DBs),4,M1 KS librosa chroma_stft,0.75,0.5,1.0,50.0,100.0,4.273797988891602,0
agreed (2 DBs),4,M2 Essentia KeyExtractor krumhansl,0.75,0.5,1.0,50.0,100.0,4.193015992641449,0
agreed (2 DBs),4,M2 Essentia KeyExtractor temperley,0.75,0.5,1.0,50.0,100.0,4.6682241559028625,0
agreed (2 DBs),4,M2 Essentia KeyExtractor shaath,0.75,0.5,1.0,50.0,100.0,4.531840443611145,0
agreed (2 DBs),4,M2 Essentia KeyExtractor bgate,0.75,0.5,1.0,50.0,100.0,4.327604174613953,0
agreed (2 DBs),4,M3 Essentia KeyExtractor edma,0.75,0.5,1.0,50.0,100.0,2.7982633113861084,0
agreed (2 DBs),4,M3 Essentia KeyExtractor edmm,0.75,0.5,1.0,50.0,100.0,3.542564272880554,0
agreed (2 DBs),4,M3 Essentia KeyExtractor braw,0.75,0.5,1.0,50.0,100.0,3.222903072834015,0
agreed (2 DBs),4,M7 HPSS(margin=4) + edma,0.75,0.5,1.0,50.0,100.0,32.14250475168228,0
agreed (2 DBs),4,M7 HPSS(margin=4) + bgate,0.75,0.5,1.0,50.0,100.0,31.73793375492096,0
agreed (2 DBs),4,M7 HPSS(margin=8) + edma,0.75,0.5,1.0,50.0,100.0,30.67115157842636,0
agreed (2 DBs),4,M7 HPSS(margin=8) + bgate,0.75,0.5,1.0,50.0,100.0,28.938581109046936,0
agreed (2 DBs),4,M9 bass/treble chroma w=0.5,0.75,0.25,1.0,75.0,75.0,3.256166696548462,0
agreed (2 DBs),4,M9 bass/treble chroma w=0.7,0.75,0.25,1.0,75.0,75.0,3.218171775341034,0
agreed (2 DBs),4,bpmkey current (learned+bgate),0.75,0.5,1.0,50.0,100.0,14.832919180393219,0
agreed (2 DBs),4,M4 HPCP36 edma majmin,0.5,0.0,1.0,50.0,50.0,3.7754082679748535,0
agreed (2 DBs),4,M9 bass/treble chroma w=0.3,0.5,0.0,1.0,50.0,50.0,3.1938485503196716,0
all labels,43,M4 HPCP36 bgate,0.5232558139534884,0.38372093023255816,0.6604651162790698,44.18604651162791,60.46511627906976,3.5542269307513568,0
all labels,43,M4 HPCP36 edma,0.5069767441860465,0.3674418604651163,0.6488372093023256,41.86046511627907,60.46511627906976,4.1305373103119605,0
all labels,43,M3 Essentia KeyExtractor edmm,0.4906976744186046,0.3674418604651163,0.6255813953488372,37.2093023255814,60.46511627906976,3.336462919102159,0
all labels,43,M2 Essentia KeyExtractor bgate,0.4674418604651163,0.34651162790697676,0.5930813953488372,32.55813953488372,60.46511627906976,4.379486377849135,0
all labels,43,M7 HPSS(margin=4) + bgate,0.4674418604651163,0.3488372093023256,0.5930813953488372,32.55813953488372,58.139534883720934,35.576218161472056,0
all labels,43,M3 Essentia KeyExtractor braw,0.4674418604651162,0.33947674418604645,0.586046511627907,32.55813953488372,60.46511627906976,3.3999445604723553,0
all labels,43,M3 Essentia KeyExtractor edma,0.4604651162790698,0.32558139534883723,0.5906976744186047,34.883720930232556,55.81395348837209,3.684320932210878,0
all labels,43,bpmkey current (learned+bgate),0.4558139534883721,0.3255232558139535,0.5790697674418605,32.55813953488372,58.139534883720934,16.893081482066666,0
all labels,43,M7 HPSS(margin=4) + edma,0.4511627906976744,0.3348255813953488,0.5813953488372093,32.55813953488372,58.139534883720934,40.748854781306065,0
all labels,43,M7 HPSS(margin=8) + bgate,0.4511627906976744,0.3302325581395349,0.5861046511627906,32.55813953488372,58.139534883720934,33.43430658273919,0
all labels,43,M2 Essentia KeyExtractor krumhansl,0.4488372093023256,0.32087209302325587,0.5744767441860466,30.23255813953488,55.81395348837209,4.665487660918125,0
all labels,43,M7 HPSS(margin=8) + edma,0.41627906976744183,0.28837209302325584,0.5465697674418604,32.55813953488372,51.162790697674424,35.18100658128428,0
all labels,43,M2 Essentia KeyExtractor shaath,0.40232558139534885,0.27906976744186046,0.5419767441860464,32.55813953488372,46.51162790697674,4.732416175132574,0
all labels,43,M4 HPCP36 edma no-detune,0.40232558139534885,0.26976744186046514,0.5302325581395348,32.55813953488372,51.162790697674424,3.348445393318354,0
all labels,43,M1 KS librosa chroma_stft,0.3767441860465117,0.25808139534883723,0.5023837209302325,25.581395348837212,51.162790697674424,5.633864142173945,0
all labels,43,M4 HPCP36 bgate no-detune,0.3767441860465116,0.2441860465116279,0.5093023255813953,30.23255813953488,46.51162790697674,3.3504106166750884,0
all labels,43,M2 Essentia KeyExtractor temperley,0.37209302325581395,0.2534883720930233,0.49534883720930234,23.25581395348837,53.48837209302325,4.5379474994748135,0
all labels,43,M4 HPCP36 edma majmin,0.3511627906976744,0.2302325581395349,0.47215116279069763,25.581395348837212,39.53488372093023,3.769378052201382,0
all labels,43,M9 bass/treble chroma w=0.7,0.3186046511627907,0.18604651162790697,0.46279069767441855,30.23255813953488,39.53488372093023,3.490157870359199,0
all labels,43,M1 KS librosa chroma_cqt,0.30930232558139537,0.1953488372093023,0.4326162790697674,20.930232558139537,44.18604651162791,7.49523863681527,0
all labels,43,M9 bass/treble chroma w=0.5,0.286046511627907,0.1627325581395349,0.41395348837209306,23.25581395348837,41.86046511627907,3.397244775018027,0
all labels,43,M9 bass/treble chroma w=0.3,0.25116279069767444,0.14186046511627906,0.3651744186046511,18.6046511627907,34.883720930232556,3.3967159736988157,0
