subset,n,method,setting,weighted,ci_lo,ci_hi,exact_%,mixable_%
all 43 labelled tracks,43,edmm,whole track,0.4906976744186046,0.3674418604651163,0.6116279069767441,37.2093023255814,60.46511627906976
all 43 labelled tracks,43,edmm,head 15s,0.2837209302325581,0.16744186046511628,0.3976744186046512,18.6046511627907,46.51162790697674
all 43 labelled tracks,43,edmm,head 30s,0.3767441860465116,0.2534302325581395,0.5046511627906977,27.906976744186046,51.162790697674424
all 43 labelled tracks,43,edmm,head 60s,0.37441860465116283,0.2558139534883721,0.5,25.581395348837212,48.837209302325576
all 43 labelled tracks,43,edmm,head 120s,0.39767441860465114,0.27674418604651163,0.5116860465116279,27.906976744186046,51.162790697674424
all 43 labelled tracks,43,edmm,mid 15s,0.4558139534883721,0.32325581395348835,0.586046511627907,34.883720930232556,60.46511627906976
all 43 labelled tracks,43,edmm,mid 30s,0.4255813953488372,0.3022674418604651,0.5490116279069766,30.23255813953488,58.139534883720934
all 43 labelled tracks,43,edmm,mid 60s,0.4488372093023256,0.3232558139534884,0.5744767441860466,32.55813953488372,55.81395348837209
all 43 labelled tracks,43,edmm,mid 120s,0.513953488372093,0.3767441860465117,0.6372093023255814,39.53488372093023,62.7906976744186
all 43 labelled tracks,43,edmm,tail 15s,0.3465116279069767,0.22325581395348837,0.4790697674418604,25.581395348837212,44.18604651162791
all 43 labelled tracks,43,edmm,tail 30s,0.43488372093023253,0.2929651162790698,0.5697674418604651,34.883720930232556,51.162790697674424
all 43 labelled tracks,43,edmm,tail 60s,0.4395348837209302,0.318546511627907,0.5698255813953488,32.55813953488372,55.81395348837209
all 43 labelled tracks,43,edmm,tail 120s,0.46279069767441855,0.3372093023255814,0.581453488372093,34.883720930232556,58.139534883720934
all 43 labelled tracks,43,edmm,3x30s majority,0.44651162790697674,0.32093023255813957,0.5744186046511628,32.55813953488372,60.46511627906976
all 43 labelled tracks,43,edmm,3x30s weighted,0.49302325581395345,0.36279069767441857,0.6163372093023255,37.2093023255814,62.7906976744186
all 43 labelled tracks,43,edmm,5x30s majority,0.45581395348837206,0.3325581395348837,0.5837209302325581,34.883720930232556,55.81395348837209
all 43 labelled tracks,43,edmm,5x30s weighted,0.43255813953488365,0.3116279069767442,0.5674418604651162,32.55813953488372,53.48837209302325
all 43 labelled tracks,43,edmm,8x30s majority,0.4976744186046511,0.36976744186046506,0.627906976744186,37.2093023255814,62.7906976744186
all 43 labelled tracks,43,edmm,8x30s weighted,0.46279069767441855,0.33476744186046514,0.5977906976744185,34.883720930232556,58.139534883720934
all 43 labelled tracks,43,edmm,3x60s majority,0.4906976744186046,0.3581395348837209,0.623313953488372,39.53488372093023,58.139534883720934
all 43 labelled tracks,43,edmm,3x60s weighted,0.4790697674418604,0.3488372093023256,0.6023837209302324,37.2093023255814,58.139534883720934
all 43 labelled tracks,43,edmm,5x60s majority,0.45581395348837206,0.32790697674418606,0.586046511627907,34.883720930232556,55.81395348837209
all 43 labelled tracks,43,edmm,5x60s weighted,0.45581395348837206,0.32790697674418606,0.5930813953488372,34.883720930232556,55.81395348837209
all 43 labelled tracks,43,bgate,whole track,0.4674418604651163,0.3487209302325582,0.586046511627907,32.55813953488372,60.46511627906976
all 43 labelled tracks,43,bgate,head 15s,0.2720930232558139,0.1558139534883721,0.3837790697674418,18.6046511627907,39.53488372093023
all 43 labelled tracks,43,bgate,head 30s,0.3790697674418605,0.2627906976744186,0.5069767441860465,25.581395348837212,55.81395348837209
all 43 labelled tracks,43,bgate,head 60s,0.39069767441860465,0.27436046511627904,0.5233139534883721,25.581395348837212,51.162790697674424
all 43 labelled tracks,43,bgate,head 120s,0.4395348837209302,0.3208720930232558,0.572093023255814,30.23255813953488,58.139534883720934
all 43 labelled tracks,43,bgate,mid 15s,0.4069767441860465,0.2837209302325581,0.5256395348837208,25.581395348837212,53.48837209302325
all 43 labelled tracks,43,bgate,mid 30s,0.5046511627906978,0.3767441860465116,0.6279651162790697,37.2093023255814,67.44186046511628
all 43 labelled tracks,43,bgate,mid 60s,0.46279069767441866,0.33953488372093027,0.5953488372093023,32.55813953488372,60.46511627906976
all 43 labelled tracks,43,bgate,mid 120s,0.4790697674418605,0.3511627906976745,0.5930813953488372,32.55813953488372,62.7906976744186
all 43 labelled tracks,43,bgate,tail 15s,0.3186046511627907,0.204593023255814,0.43488372093023253,20.930232558139537,46.51162790697674
all 43 labelled tracks,43,bgate,tail 30s,0.36046511627906974,0.25110465116279074,0.48372093023255813,25.581395348837212,51.162790697674424
all 43 labelled tracks,43,bgate,tail 60s,0.43488372093023253,0.3,0.5581395348837209,32.55813953488372,55.81395348837209
all 43 labelled tracks,43,bgate,tail 120s,0.472093023255814,0.34418604651162793,0.5930232558139535,34.883720930232556,58.139534883720934
all 43 labelled tracks,43,bgate,3x30s majority,0.46279069767441855,0.3371511627906977,0.5976744186046511,32.55813953488372,62.7906976744186
all 43 labelled tracks,43,bgate,3x30s weighted,0.4813953488372093,0.36273255813953487,0.5976744186046511,32.55813953488372,67.44186046511628
all 43 labelled tracks,43,bgate,5x30s majority,0.5209302325581395,0.39767441860465114,0.6466279069767441,39.53488372093023,65.11627906976744
all 43 labelled tracks,43,bgate,5x30s weighted,0.48604651162790696,0.3580813953488372,0.5976744186046511,34.883720930232556,62.7906976744186
all 43 labelled tracks,43,bgate,8x30s majority,0.5046511627906977,0.3790116279069768,0.627906976744186,37.2093023255814,65.11627906976744
all 43 labelled tracks,43,bgate,8x30s weighted,0.49302325581395345,0.3767441860465116,0.6209883720930232,34.883720930232556,65.11627906976744
all 43 labelled tracks,43,bgate,3x60s majority,0.43255813953488376,0.3046511627906977,0.5465116279069767,30.23255813953488,55.81395348837209
all 43 labelled tracks,43,bgate,3x60s weighted,0.4674418604651163,0.35343023255813955,0.5953488372093023,32.55813953488372,58.139534883720934
all 43 labelled tracks,43,bgate,5x60s majority,0.4372093023255814,0.32093023255813957,0.5697674418604651,30.23255813953488,55.81395348837209
all 43 labelled tracks,43,bgate,5x60s weighted,0.472093023255814,0.34651162790697676,0.6000581395348836,32.55813953488372,58.139534883720934
all 43 labelled tracks,43,edma,whole track,0.4372093023255814,0.30930232558139537,0.5628488372093023,32.55813953488372,53.48837209302325
all 43 labelled tracks,43,edma,head 15s,0.29069767441860467,0.17906976744186046,0.41395348837209306,20.930232558139537,41.86046511627907
all 43 labelled tracks,43,edma,head 30s,0.37209302325581395,0.25343023255813957,0.5,25.581395348837212,51.162790697674424
all 43 labelled tracks,43,edma,head 60s,0.37209302325581395,0.2534302325581395,0.5023837209302325,25.581395348837212,46.51162790697674
all 43 labelled tracks,43,edma,head 120s,0.3790697674418605,0.2534302325581395,0.5024418604651162,27.906976744186046,46.51162790697674
all 43 labelled tracks,43,edma,mid 15s,0.43255813953488376,0.31622093023255815,0.5536046511627906,32.55813953488372,53.48837209302325
all 43 labelled tracks,43,edma,mid 30s,0.49302325581395356,0.3673837209302325,0.6116279069767442,34.883720930232556,67.44186046511628
all 43 labelled tracks,43,edma,mid 60s,0.4581395348837209,0.32558139534883723,0.5931395348837208,37.2093023255814,58.139534883720934
all 43 labelled tracks,43,edma,mid 120s,0.472093023255814,0.3441860465116279,0.613953488372093,37.2093023255814,55.81395348837209
all 43 labelled tracks,43,edma,tail 15s,0.2651162790697674,0.16046511627906979,0.386046511627907,16.27906976744186,39.53488372093023
all 43 labelled tracks,43,edma,tail 30s,0.3953488372093023,0.2720348837209302,0.5233720930232557,30.23255813953488,48.837209302325576
all 43 labelled tracks,43,edma,tail 60s,0.40232558139534885,0.2767441860465116,0.5395348837209302,30.23255813953488,48.837209302325576
all 43 labelled tracks,43,edma,tail 120s,0.45581395348837206,0.34180232558139534,0.5883720930232559,34.883720930232556,55.81395348837209
all 43 labelled tracks,43,edma,3x30s majority,0.46279069767441855,0.34186046511627904,0.5813953488372093,32.55813953488372,60.46511627906976
all 43 labelled tracks,43,edma,3x30s weighted,0.5023255813953488,0.3790116279069768,0.6279651162790697,37.2093023255814,62.7906976744186
all 43 labelled tracks,43,edma,5x30s majority,0.4674418604651162,0.34180232558139534,0.6023255813953488,37.2093023255814,55.81395348837209
all 43 labelled tracks,43,edma,5x30s weighted,0.46279069767441855,0.3372093023255814,0.5883720930232559,34.883720930232556,58.139534883720934
all 43 labelled tracks,43,edma,8x30s majority,0.5302325581395348,0.40232558139534885,0.6581395348837209,41.86046511627907,62.7906976744186
all 43 labelled tracks,43,edma,8x30s weighted,0.5093023255813953,0.38366279069767445,0.6326162790697674,39.53488372093023,62.7906976744186
all 43 labelled tracks,43,edma,3x60s majority,0.4418604651162791,0.3046511627906977,0.5698255813953488,34.883720930232556,51.162790697674424
all 43 labelled tracks,43,edma,3x60s weighted,0.4372093023255814,0.30930232558139537,0.5651162790697675,32.55813953488372,53.48837209302325
all 43 labelled tracks,43,edma,5x60s majority,0.3953488372093023,0.26738372093023255,0.5233139534883721,27.906976744186046,48.837209302325576
all 43 labelled tracks,43,edma,5x60s weighted,0.41395348837209306,0.2952906976744186,0.5419186046511627,30.23255813953488,51.162790697674424
all 43 labelled tracks,43,current,whole track,0.4558139534883721,0.32784883720930236,0.5790697674418605,32.55813953488372,58.139534883720934
all 43 labelled tracks,43,current,head 60s,0.36046511627906974,0.24645348837209302,0.48837209302325574,23.25581395348837,53.48837209302325
all 43 labelled tracks,43,current,mid 60s,0.45116279069767445,0.3232558139534884,0.5698255813953488,32.55813953488372,60.46511627906976
all 43 labelled tracks,43,current,tail 60s,0.45348837209302323,0.32558139534883723,0.5930232558139535,32.55813953488372,60.46511627906976
all 43 labelled tracks,43,current,5x30s,0.49302325581395345,0.35581395348837214,0.6186627906976744,37.2093023255814,62.7906976744186
all 43 labelled tracks,43,current,5x60s,0.4511627906976744,0.3301744186046512,0.5791279069767442,32.55813953488372,58.139534883720934
tracks >= 150 s only,33,edmm,whole track,0.5121212121212122,0.36363636363636365,0.6606818181818181,39.39393939393939,60.60606060606061
tracks >= 150 s only,33,edmm,head 15s,0.2878787878787879,0.16363636363636364,0.4181818181818182,18.181818181818183,45.45454545454545
tracks >= 150 s only,33,edmm,head 30s,0.36363636363636365,0.2271969696969697,0.5092424242424242,27.27272727272727,48.484848484848484
tracks >= 150 s only,33,edmm,head 60s,0.3606060606060606,0.23030303030303031,0.5061363636363635,24.242424242424242,45.45454545454545
tracks >= 150 s only,33,edmm,head 120s,0.39090909090909093,0.2484090909090909,0.5363636363636364,27.27272727272727,48.484848484848484
tracks >= 150 s only,33,edmm,mid 15s,0.4878787878787879,0.3393939393939394,0.6424242424242425,39.39393939393939,60.60606060606061
tracks >= 150 s only,33,edmm,mid 30s,0.4575757575757576,0.31212121212121213,0.6,33.33333333333333,60.60606060606061
tracks >= 150 s only,33,edmm,mid 60s,0.4878787878787879,0.3393939393939394,0.6334090909090908,36.36363636363637,57.57575757575758
tracks >= 150 s only,33,edmm,mid 120s,0.5424242424242425,0.39696969696969703,0.7,42.42424242424242,63.63636363636363
tracks >= 150 s only,33,edmm,tail 15s,0.33939393939393936,0.20303030303030303,0.4879545454545454,24.242424242424242,42.42424242424242
tracks >= 150 s only,33,edmm,tail 30s,0.4090909090909091,0.25757575757575757,0.5606060606060606,33.33333333333333,48.484848484848484
tracks >= 150 s only,33,edmm,tail 60s,0.4454545454545455,0.3,0.6031060606060606,33.33333333333333,57.57575757575758
tracks >= 150 s only,33,edmm,tail 120s,0.47575757575757577,0.32416666666666666,0.6363636363636364,36.36363636363637,57.57575757575758
tracks >= 150 s only,33,edmm,3x30s majority,0.45454545454545453,0.3151515151515152,0.600151515151515,33.33333333333333,60.60606060606061
tracks >= 150 s only,33,edmm,3x30s weighted,0.5151515151515151,0.36962121212121213,0.6545454545454545,39.39393939393939,63.63636363636363
tracks >= 150 s only,33,edmm,5x30s majority,0.4666666666666667,0.3242424242424242,0.6121212121212121,36.36363636363637,54.54545454545454
tracks >= 150 s only,33,edmm,5x30s weighted,0.4666666666666667,0.3212121212121213,0.6122727272727271,36.36363636363637,54.54545454545454
tracks >= 150 s only,33,edmm,8x30s majority,0.5212121212121213,0.3726515151515152,0.6727272727272727,39.39393939393939,63.63636363636363
tracks >= 150 s only,33,edmm,8x30s weighted,0.5060606060606061,0.3575757575757576,0.6484848484848484,39.39393939393939,60.60606060606061
tracks >= 150 s only,33,edmm,3x60s majority,0.5121212121212121,0.3635606060606061,0.6727272727272727,42.42424242424242,57.57575757575758
tracks >= 150 s only,33,edmm,3x60s weighted,0.49696969696969695,0.3423484848484849,0.6484848484848484,39.39393939393939,57.57575757575758
tracks >= 150 s only,33,edmm,5x60s majority,0.4666666666666667,0.32113636363636366,0.6212121212121212,36.36363636363637,54.54545454545454
tracks >= 150 s only,33,edmm,5x60s weighted,0.4666666666666667,0.3211363636363637,0.6243181818181818,36.36363636363637,54.54545454545454
tracks >= 150 s only,33,bgate,whole track,0.45151515151515154,0.30303030303030304,0.6090909090909091,33.33333333333333,54.54545454545454
tracks >= 150 s only,33,bgate,head 15s,0.2636363636363636,0.14545454545454545,0.39999999999999997,15.151515151515152,39.39393939393939
tracks >= 150 s only,33,bgate,head 30s,0.34242424242424246,0.2181060606060606,0.4757575757575757,21.21212121212121,51.515151515151516
tracks >= 150 s only,33,bgate,head 60s,0.35151515151515156,0.21515151515151515,0.48484848484848486,24.242424242424242,42.42424242424242
tracks >= 150 s only,33,bgate,head 120s,0.4151515151515151,0.2636363636363636,0.5606060606060606,30.303030303030305,51.515151515151516
tracks >= 150 s only,33,bgate,mid 15s,0.3848484848484849,0.2636363636363636,0.5213636363636364,24.242424242424242,48.484848484848484
tracks >= 150 s only,33,bgate,mid 30s,0.5212121212121212,0.38174242424242427,0.6637121212121211,39.39393939393939,66.66666666666666
tracks >= 150 s only,33,bgate,mid 60s,0.4666666666666667,0.32727272727272727,0.6031818181818182,33.33333333333333,57.57575757575758
tracks >= 150 s only,33,bgate,mid 120s,0.46666666666666673,0.3423484848484849,0.6181818181818182,33.33333333333333,57.57575757575758
tracks >= 150 s only,33,bgate,tail 15s,0.2636363636363636,0.1393939393939394,0.3879545454545454,18.181818181818183,36.36363636363637
tracks >= 150 s only,33,bgate,tail 30s,0.29393939393939394,0.16060606060606064,0.4333333333333333,21.21212121212121,42.42424242424242
tracks >= 150 s only,33,bgate,tail 60s,0.38484848484848483,0.2271969696969697,0.5333333333333333,30.303030303030305,48.484848484848484
tracks >= 150 s only,33,bgate,tail 120s,0.4727272727272728,0.33325757575757575,0.6182575757575757,36.36363636363637,54.54545454545454
tracks >= 150 s only,33,bgate,3x30s majority,0.4363636363636364,0.30598484848484847,0.5696969696969696,30.303030303030305,57.57575757575758
tracks >= 150 s only,33,bgate,3x30s weighted,0.44545454545454544,0.3090909090909091,0.5878787878787879,30.303030303030305,60.60606060606061
tracks >= 150 s only,33,bgate,5x30s majority,0.5121212121212121,0.36954545454545457,0.6606818181818181,39.39393939393939,60.60606060606061
tracks >= 150 s only,33,bgate,5x30s weighted,0.4818181818181818,0.33939393939393936,0.6272727272727272,36.36363636363637,57.57575757575758
tracks >= 150 s only,33,bgate,8x30s majority,0.490909090909091,0.34545454545454546,0.6363636363636364,36.36363636363637,60.60606060606061
tracks >= 150 s only,33,bgate,8x30s weighted,0.490909090909091,0.34545454545454546,0.6364393939393939,36.36363636363637,60.60606060606061
tracks >= 150 s only,33,bgate,3x60s majority,0.4212121212121212,0.2909090909090909,0.5697727272727272,30.303030303030305,51.515151515151516
tracks >= 150 s only,33,bgate,3x60s weighted,0.4212121212121212,0.2757575757575758,0.5606818181818181,30.303030303030305,51.515151515151516
tracks >= 150 s only,33,bgate,5x60s majority,0.4272727272727273,0.2909090909090909,0.5727272727272726,30.303030303030305,51.515151515151516
tracks >= 150 s only,33,bgate,5x60s weighted,0.4272727272727273,0.2878787878787879,0.5666666666666667,30.303030303030305,51.515151515151516
tracks >= 150 s only,33,edma,whole track,0.44242424242424244,0.28477272727272723,0.5969696969696969,33.33333333333333,51.515151515151516
tracks >= 150 s only,33,edma,head 15s,0.2878787878787879,0.16356060606060607,0.41212121212121217,18.181818181818183,39.39393939393939
tracks >= 150 s only,33,edma,head 30s,0.3484848484848485,0.22727272727272727,0.4787878787878788,21.21212121212121,48.484848484848484
tracks >= 150 s only,33,edma,head 60s,0.3575757575757576,0.2212121212121212,0.490909090909091,24.242424242424242,42.42424242424242
tracks >= 150 s only,33,edma,head 120s,0.3666666666666667,0.22424242424242424,0.5151515151515151,27.27272727272727,42.42424242424242
tracks >= 150 s only,33,edma,mid 15s,0.4333333333333333,0.28181818181818186,0.5728030303030301,33.33333333333333,48.484848484848484
tracks >= 150 s only,33,edma,mid 30s,0.506060606060606,0.3726515151515152,0.6425,36.36363636363637,66.66666666666666
tracks >= 150 s only,33,edma,mid 60s,0.4757575757575757,0.32719696969696965,0.6365151515151514,39.39393939393939,57.57575757575758
tracks >= 150 s only,33,edma,mid 120s,0.4878787878787879,0.33636363636363636,0.645530303030303,39.39393939393939,54.54545454545454
tracks >= 150 s only,33,edma,tail 15s,0.24848484848484848,0.12424242424242427,0.3757575757575758,15.151515151515152,36.36363636363637
tracks >= 150 s only,33,edma,tail 30s,0.33939393939393936,0.20295454545454544,0.49393939393939396,27.27272727272727,39.39393939393939
tracks >= 150 s only,33,edma,tail 60s,0.35757575757575755,0.2212121212121212,0.5031060606060606,27.27272727272727,42.42424242424242
tracks >= 150 s only,33,edma,tail 120s,0.4666666666666667,0.3212121212121213,0.6212878787878787,36.36363636363637,54.54545454545454
tracks >= 150 s only,33,edma,3x30s majority,0.4515151515151515,0.31212121212121213,0.5909848484848486,30.303030303030305,57.57575757575758
tracks >= 150 s only,33,edma,3x30s weighted,0.4878787878787879,0.3303030303030303,0.6364393939393939,36.36363636363637,57.57575757575758
tracks >= 150 s only,33,edma,5x30s majority,0.4727272727272728,0.3363636363636364,0.6303787878787879,36.36363636363637,54.54545454545454
tracks >= 150 s only,33,edma,5x30s weighted,0.4818181818181818,0.3362878787878788,0.6394696969696969,36.36363636363637,57.57575757575758
tracks >= 150 s only,33,edma,8x30s majority,0.5545454545454546,0.406060606060606,0.7000000000000001,42.42424242424242,63.63636363636363
tracks >= 150 s only,33,edma,8x30s weighted,0.5424242424242425,0.39999999999999997,0.6818181818181818,42.42424242424242,63.63636363636363
tracks >= 150 s only,33,edma,3x60s majority,0.4484848484848485,0.30303030303030304,0.603030303030303,36.36363636363637,48.484848484848484
tracks >= 150 s only,33,edma,3x60s weighted,0.42727272727272725,0.28484848484848485,0.5728030303030301,33.33333333333333,48.484848484848484
tracks >= 150 s only,33,edma,5x60s majority,0.3878787878787879,0.2545454545454546,0.5274242424242422,27.27272727272727,45.45454545454545
tracks >= 150 s only,33,edma,5x60s weighted,0.396969696969697,0.24545454545454545,0.5425,30.303030303030305,45.45454545454545
tracks >= 150 s only,33,current,whole track,0.4363636363636364,0.28484848484848485,0.5878787878787879,33.33333333333333,51.515151515151516
tracks >= 150 s only,33,current,head 60s,0.32727272727272727,0.19090909090909092,0.4727272727272727,21.21212121212121,48.484848484848484
tracks >= 150 s only,33,current,mid 60s,0.4363636363636364,0.29090909090909095,0.5788636363636364,30.303030303030305,57.57575757575758
tracks >= 150 s only,33,current,tail 60s,0.42424242424242425,0.2727272727272727,0.5696969696969697,33.33333333333333,54.54545454545454
tracks >= 150 s only,33,current,5x30s,0.506060606060606,0.3575,0.6575757575757576,39.39393939393939,60.60606060606061
tracks >= 150 s only,33,current,5x60s,0.44545454545454544,0.30606060606060603,0.5879545454545454,33.33333333333333,54.54545454545454
